Player,Market value
Ederson,€40.00m
Stefan Ortega,€9.00m
Scott Carson,€200k
Rúben Dias,€80.00m
Josko Gvardiol,€75.00m
Manuel Akanji,€42.00m
Nathan Aké,€40.00m
John Stones,€38.00m
Sergio Gómez,€10.00m
Rico Lewis,€38.00m
Kyle Walker,€13.00m
Rodri,€110.00m
Matheus Nunes,€50.00m
Mateo Kovacic,€30.00m
Bernardo Silva,€80.00m
Kevin De Bruyne,€60.00m
Jack Grealish,€65.00m
Jérémy Doku,€65.00m
Phil Foden,€130.00m
Oscar Bobb,€25.00m
Julián Álvarez,€90.00m
Erling Haaland,€180.00m
David Raya,€35.00m
Aaron Ramsdale,€25.00m
Karl Hein,€2.00m
William Saliba,€80.00m
Gabriel Magalhães,€65.00m
Jurrien Timber,€40.00m
Oleksandr Zinchenko,€42.00m
Jakub Kiwior,€25.00m
Ben White,€55.00m
Takehiro Tomiyasu,€30.00m
Cédric Soares,€2.00m
Declan Rice,€110.00m
Thomas Partey,€20.00m
Jorginho,€15.00m
Mohamed Elneny,€4.50m
Martin Ødegaard,€95.00m
Kai Havertz,€60.00m
Emile Smith Rowe,€25.00m
Fábio Vieira,€25.00m
Gabriel Martinelli,€80.00m
Leandro Trossard,€38.00m
Bukayo Saka,€130.00m
Reiss Nelson,€15.00m
Gabriel Jesus,€70.00m
Eddie Nketiah,€30.00m
Robert Sánchez,€25.00m
Djordje Petrovic,€15.00m
Marcus Bettinelli,€1.00m
Levi Colwill,€50.00m
Axel Disasi,€42.00m
Benoît Badiashile,€32.00m
Wesley Fofana,€32.00m
Trevoh Chalobah,€13.00m
Malang Sarr,€4.00m
Thiago Silva,€2.00m
Alfie Gilchrist,€300k
Ben Chilwell,€30.00m
Marc Cucurella,€25.00m
Reece James,€50.00m
Malo Gusto,€32.00m
Moisés Caicedo,€80.00m
Roméo Lavia,€40.00m
Lesley Ugochukwu,€25.00m
Enzo Fernández,€80.00m
Conor Gallagher,€48.00m
Carney Chukwuemeka,€15.00m
Cesare Casadei,€10.00m
Christopher Nkunku,€70.00m
Cole Palmer,€55.00m
Raheem Sterling,€45.00m
Mykhaylo Mudryk,€35.00m
Diego Moreira,€3.00m
Noni Madueke,€25.00m
Nicolas Jackson,€35.00m
Deivid Washington,€9.00m
Alisson,€32.00m
Caoimhín Kelleher,€18.00m
Adrián,€600k
Ibrahima Konaté,€45.00m
Virgil van Dijk,€32.00m
Joe Gomez,€25.00m
Jarell Quansah,€12.00m
Joel Matip,€8.00m
Rhys Williams,€1.80m
Andrew Robertson,€35.00m
Konstantinos Tsimikas,€22.00m
Trent Alexander-Arnold,€70.00m
Conor Bradley,€15.00m
Wataru Endo,€13.00m
Stefan Bajcetic,€11.00m
Dominik Szoboszlai,€75.00m
Alexis Mac Allister,€70.00m
Curtis Jones,€35.00m
Ryan Gravenberch,€35.00m
Thiago,€10.00m
Bobby Clark,€1.00m
Harvey Elliott,€35.00m
Luis Díaz,€75.00m
Cody Gakpo,€50.00m
Diogo Jota,€50.00m
Mohamed Salah,€65.00m
Ben Doak,€10.00m
Darwin Núñez,€70.00m
Guglielmo Vicario,€35.00m
Fraser Forster,€1.20m
Brandon Austin,€600k
Alfie Whiteman,€500k
Cristian Romero,€60.00m
Micky van de Ven,€50.00m
Radu Drăgușin,€25.00m
Destiny Udogie,€45.00m
Ben Davies,€12.00m
Pedro Porro,€45.00m
Emerson Royal,€18.00m
Pierre-Emile Højbjerg,€20.00m
Oliver Skipp,€15.00m
Pape Matar Sarr,€40.00m
Yves Bissouma,€35.00m
Rodrigo Bentancur,€35.00m
Ryan Sessegnon,€13.00m
James Maddison,€70.00m
Giovani Lo Celso,€16.00m
Heung-min Son,€50.00m
Manor Solomon,€15.00m
Dejan Kulusevski,€55.00m
Brennan Johnson,€48.00m
Bryan Gil,€16.00m
Richarlison,€40.00m
Timo Werner,€17.00m
André Onana,€40.00m
Altay Bayındır,€10.00m
Tom Heaton,€250k
Lisandro Martínez,€45.00m
Raphaël Varane,€25.00m
Harry Maguire,€20.00m
Victor Lindelöf,€15.00m
Willy Kambwala,€5.00m
Jonny Evans,€2.00m
Luke Shaw,€35.00m
Tyrell Malacia,€18.00m
Diogo Dalot,€35.00m
Aaron Wan-Bissaka,€20.00m
Scott McTominay,€32.00m
Casemiro,€30.00m
Sofyan Amrabat,€22.00m
Kobbie Mainoo,€35.00m
Christian Eriksen,€10.00m
Bruno Fernandes,€70.00m
Mason Mount,€40.00m
Shola Shoretire,€4.00m
Marcus Rashford,€60.00m
Alejandro Garnacho,€40.00m
Antony Right,€28.00m
Amad Diallo Right,€18.00m
Rasmus Højlund,€65.00m
Anthony Martial,€10.00m
Emiliano Martínez,€28.00m
Joe Gauci,€1.50m
Robin Olsen,€1.50m
Pau Torres,€45.00m
Ezri Konsa,€35.00m
Diego Carlos,€16.00m
Tyrone Mings,€16.00m
Clément Lenglet,€10.00m
Calum Chambers,€5.00m
Kortney Hause,€2.00m
Álex Moreno,€13.00m
Lucas Digne,€12.00m
Matty Cash,€28.00m
Kaine Kesler-Hayden,€2.20m
Boubacar Kamara,€38.00m
Douglas Luiz,€70.00m
John McGinn,€30.00m
Youri Tielemans,€25.00m
Tim Iroegbunam,€4.00m
Jacob Ramsey,€42.00m
Nicolò Zaniolo,€20.00m
Leon Bailey,€35.00m
Morgan Rogers,€8.00m
Moussa Diaby,€55.00m
Emiliano Buendía,€22.00m
Ollie Watkins,€65.00m
Jhon Durán,€17.00m
Nick Pope,€20.00m
Martin Dúbravka,€1.00m
Loris Karius,€1.00m
Mark Gillespie,€300k
Sven Botman,€45.00m
Fabian Schär,€10.00m
Jamaal Lascelles,€7.00m
Paul Dummett,€900k
Lewis Hall,€18.00m
Matt Targett,€10.00m
Dan Burn,€10.00m
Tino Livramento,€35.00m
Kieran Trippier,€11.00m
Emil Krafth,€2.50m
Bruno Guimarães,€85.00m
Sandro Tonali,€40.00m
Joelinton,€42.00m
Joe Willock,€35.00m
Sean Longstaff,€25.00m
Lewis Miley,€22.00m
Elliot Anderson,€13.00m
Matt Ritchie,€1.00m
Anthony Gordon,€50.00m
Harvey Barnes,€35.00m
Miguel Almirón,€20.00m
Jacob Murphy,€15.00m
Alexander Isak,€70.00m
Callum Wilson,€13.00m
Bart Verbruggen,€15.00m
Jason Steele,€3.50m
Tom McGill,€600k
Adam Webster,€20.00m
Igor,€17.00m
Jan Paul van Hecke,€15.00m
Lewis Dunk,€12.00m
Pervis Estupiñán,€35.00m
Valentín Barco,€13.00m
Tariq Lamptey,€12.00m
Joël Veltman,€10.00m
Carlos Baleba,€20.00m
Billy Gilmour,€18.00m
Jack Hinshelwood,€16.00m
Jakub Moder,€10.00m
Pascal Groß,€8.00m
James Milner,€1.00m
Julio Enciso,€22.00m
Facundo Buonanotte,€18.00m
Adam Lallana,€1.00m
Kaoru Mitoma,€45.00m
Simon Adingra,€30.00m
Ansu Fati,€30.00m
Solly March,€22.00m
Evan Ferguson,€60.00m
João Pedro,€45.00m
Danny Welbeck,€6.00m
Alphonse Areola,€10.00m
Lukasz Fabianski,€700k
Joseph Anang,€300k
Nayef Aguerd,€38.00m
Kurt Zouma,€25.00m
Konstantinos Mavropanos,€18.00m
Angelo Ogbonna,€700k
Emerson Palmieri,€12.00m
Aaron Cresswell,€900k
Vladimir Coufal,€9.00m
Ben Johnson,€8.00m
Edson Álvarez,€35.00m
Tomas Soucek,€35.00m
Kalvin Phillips,€28.00m
James Ward-Prowse,€35.00m
Lucas Paquetá,€65.00m
Mohammed Kudus,€50.00m
Maxwel Cornet,€10.00m
Jarrod Bowen,€50.00m
Danny Ings,€9.00m
Michail Antonio,€6.00m
Divin Mubama,€1.00m
Mark Flekken,€12.00m
Thomas Strakosha,€3.00m
Hákon Rafn Valdimarsson,€2.50m
Ellery Balcombe,€300k
Nathan Collins,€25.00m
Ethan Pinnock,€15.00m
Kristoffer Ajer,€15.00m
Zanka,€1.00m
Ben Mee,€1.00m
Rico Henry,€25.00m
Sergio Reguilón,€10.00m
Aaron Hickey,€30.00m
Mads Roerslev,€8.00m
Vitaly Janelt,€22.00m
Christian Nørgaard,€20.00m
Yunus Emre Konak,€3.50m
Mathias Jensen,€30.00m
Josh Dasilva,€12.00m
Frank Onyeka,€9.00m
Shandon Baptiste,€2.50m
Ryan Trevitt,€275k
Yegor Yarmolyuk,€5.00m
Saman Ghoddos,€2.00m
Yoane Wissa,€25.00m
Keane Lewis-Potter,€12.00m
Mikkel Damsgaard,€10.00m
Bryan Mbeumo,€38.00m
Kevin Schade,€25.00m
Ivan Toney,€50.00m
Neal Maupay,€12.00m
Sam Johnstone,€12.00m
Dean Henderson,€12.00m
Joe Whitworth,€1.00m
Remi Matthews,€500k
Marc Guéhi,€38.00m
Joachim Andersen,€35.00m
Chris Richards,€10.00m
Rob Holding,€5.00m
Nathan Ferguson,€1.00m
James Tomkins,€700k
Tyrick Mitchell,€22.00m
Daniel Muñoz,€15.00m
Nathaniel Clyne,€1.50m
Joel Ward,€1.00m
Cheick Doucouré,€35.00m
Jefferson Lerma,€20.00m
Jairo Riedewald,€2.00m
Adam Wharton,€20.00m
Will Hughes,€9.00m
Naouirou Ahamada,€8.00m
Jeffrey Schlupp,€7.00m
Eberechi Eze,€48.00m
Matheus França,€15.00m
Michael Olise,€50.00m
Jesurun Rak-Sakyi,€2.00m
Odsonne Edouard,€20.00m
Jean-Philippe Mateta,€10.00m
Jordan Ayew,€4.00m
Matt Turner,€9.00m
Odysseas Vlachodimos,€9.00m
Matz Sels,€7.00m
Wayne Hennessey,€250k
Murillo,€25.00m
Moussa Niakhaté,€16.00m
Andrew Omobamidele,€11.00m
Willy Boly,€2.50m
Felipe,€1.50m
Nuno Tavares,€16.00m
Harry Toffolo,€5.00m
Neco Williams,€17.00m
Gonzalo Montiel,€10.00m
Ola Aina,€10.00m
Ibrahim Sangaré,€32.00m
Cheikhou Kouyaté,€1.00m
Danilo,€28.00m
Nicolás Domínguez,€17.00m
Ryan Yates,€12.00m
Harry Arter,€400k
Morgan Gibbs-White,€40.00m
Giovanni Reyna,€20.00m
Anthony Elanga,€22.00m
Callum Hudson-Odoi,€15.00m
Taiwo Awoniyi,€28.00m
Chris Wood,€7.00m
Divock Origi,€5.00m
Rodrigo Ribeiro,€3.00m
Mark Travers,€3.50m
Andrei Radu,€3.00m
Neto,€2.50m
Darren Randolph,€300k
Ilya Zabarnyi,€28.00m
Marcos Senesi,€20.00m
Lloyd Kelly,€16.00m
Chris Mepham,€7.00m
James Hill,€2.00m
Milos Kerkez,€20.00m
Max Aarons,€18.00m
Ryan Fredericks,€1.50m
Adam Smith,€1.00m
Tyler Adams,€18.00m
Philip Billing,€22.00m
Alex Scott,€20.00m
Lewis Cook,€10.00m
Romain Faivre,€15.00m
Ryan Christie,€12.00m
Marcus Tavernier,€20.00m
Luis Sinisterra,€17.00m
Justin Kluivert,€11.00m
Dango Ouattara,€20.00m
Antoine Semenyo,€10.00m
Dominic Solanke,€35.00m
Enes Ünal,€20.00m
Jordan Pickford,€22.00m
João Virgínia,€800k
Andy Lonergan,€100k
Jarrad Branthwaite,€30.00m
James Tarkowski,€13.00m
Ben Godfrey,€8.00m
Michael Keane,€7.00m
Vitaliy Mykolenko,€28.00m
Ashley Young,€600k
Nathan Patterson,€15.00m
Seamus Coleman,€900k
Amadou Onana,€50.00m
James Garner,€22.00m
Abdoulaye Doucouré,€12.00m
André Gomes,€12.00m
Idrissa Gueye,€4.00m
Tyler Onyango,€500k
Dele Alli,€5.00m
Dwight McNeil,€20.00m
Arnaut Danjuma,€17.00m
Lewis Dobbin,€2.50m
Jack Harrison,€22.00m
Dominic Calvert-Lewin,€22.00m
Beto,€22.00m
Chermiti,€9.00m
José Sá,€16.00m
Daniel Bentley,€2.00m
Tom King,€200k
Max Kilman,€35.00m
Toti,€17.00m
Santiago Bueno,€8.00m
Craig Dawson,€2.00m
Rayan Aït-Nouri,€32.00m
Hugo Bueno,€6.00m
Nélson Semedo,€12.00m
Matt Doherty,€4.00m
Mario Lemina,€10.00m
Boubacar Traoré,€6.00m
João Gomes,€28.00m
Jean-Ricner Bellegarde,€15.00m
Tommy Doyle,€7.00m
Noha Lemina,€500k
Enso González,€4.00m
Pedro Neto,€55.00m
Pablo Sarabia,€12.00m
Matheus Cunha,€42.00m
Hee-chan Hwang,€25.00m
Nathan Fraser,€1.00m
Leon Chiwome,€200k
Bernd Leno,€13.00m
Marek Rodák,€3.00m
Steven Benda,€1.00m
Issa Diop,€22.00m
Calvin Bassey,€16.00m
Tosin Adarabioyo,€15.00m
Tim Ream,€1.00m
Antonee Robinson,€20.00m
Fodé Ballo-Touré,€3.00m
Timothy Castagne,€17.00m
Kenny Tete,€15.00m
João Palhinha,€55.00m
Harrison Reed,€18.00m
Saša Lukić,€10.00m
Tom Cairney,€2.00m
Alex Iwobi,€28.00m
Andreas Pereira,€20.00m
Bobby De Cordova-Reid,€6.00m
Willian Left,€3.00m
Harry Wilson,€17.00m
Adama Traoré,€9.00m
Armando Broja,€28.00m
Rodrigo Muniz,€10.00m
Raúl Jiménez,€6.00m
James Trafford,€18.00m
Arijanet Muric,€7.00m
Lawrence Vigouroux,€300k
Jordan Beyer,€16.00m
Ameen Al-Dakhil,€15.00m
Dara O'Shea,€7.00m
Hjalmar Ekdal,€7.00m
Maxime Estève,€7.00m
Hannes Delcroix,€4.00m
Charlie Taylor,€3.00m
Lorenz Assignon,€10.00m
Vitinho,€5.00m
Sander Berge,€20.00m
Han-Noah Massengo,€4.00m
Jack Cork,€800k
Josh Brownhill,€18.00m
Josh Cullen,€13.00m
Aaron Ramsey,€15.00m
Mike Trésor,€13.00m
Wilson Odobert,€10.00m
Luca Koleosho,€7.00m
Jacob Bruun Larsen,€3.00m
Nathan Redmond,€7.00m
Benson Manuel,€6.00m
Jóhann Berg Gudmundsson,€1.00m
Zeki Amdouni,€15.00m
Lyle Foster,€13.00m
David Datro Fofana,€10.00m
Jay Rodríguez,€1.00m
Ivo Grbic,€3.50m
Wes Foderingham,€900k
Adam Davies,€500k
Jordan Amissah,€250k
Anel Ahmedhodzic,€18.00m
Auston Trusty,€8.00m
John Egan,€5.00m
Mason Holgate,€5.00m
Jack Robinson,€1.00m
Chris Basham,€300k
Yasser Larouci,€3.00m
Max Lowe,€2.50m
Rhys Norrington-Davies,€2.50m
Jayden Bogle,€3.80m
George Baldock,€2.50m
Vini Souza,€12.00m
Gustavo Hamer,€16.00m
James McAtee,€12.00m
Tom Davies,€6.00m
Anis Slimane,€2.50m
Andre Brooks,€2.50m
Oliver Norwood,€1.50m
Ben Osborn,€1.00m
Ben Brereton Díaz,€7.00m
Cameron Archer,€15.00m
Oli McBurnie,€4.50m
Rhian Brewster,€3.00m
William Osula,€3.00m
Daniel Jebbison,€1.00m
Thomas Kaminski,€2.80m
Tim Krul,€500k
James Shea,€200k
Teden Mengi,€12.00m
Tom Lockyer,€3.50m
Gabriel Osho,€3.00m
Mads Andersen,€3.00m
Reece Burke,€1.80m
Amari'i Bell,€2.50m
Dan Potts,€900k
Issa Kaboré,€10.00m
Daiki Hashioka,€2.00m
Marvelous Nakamba,€5.00m
Pelly Ruddock Mpanzu,€1.50m
Albert Sambi Lokonga,€15.00m
Ross Barkley,€8.00m
Jordan Clark,€1.00m
Luke Berry,€400k
Elliot Thorpe,€200k
Alfie Doughty,€7.00m
Fred Onyedinma,€500k
Chiedozie Ogbene,€8.00m
Tahith Chong,€4.50m
Andros Townsend,€1.80m
Carlton Morris,€13.00m
Elijah Adebayo,€12.00m
Jacob Brown,€4.00m
Cauley Woodrow,€1.00m
